supplier_name,brand,name,price,image,description,description_short,gender,tag_one,tag_two,sell_priority,online_supplied,stock,availability
-,Prêt à pousser,Lilo,99,http://xavierhouy.com/wp-content/uploads/2015/06/LILO_3plants.jpg,"Lorem ipsum dolor sit amet, consectetur adipiscing elit, sed do eiusmod tempor incididunt ut labore et dolore magna aliqua. Ut enim ad minim veniam, quis nostrud exercitation ullamco laboris nisi ut aliquip ex ea commodo consequat. Duis aute irure dolor in reprehenderit in voluptate velit esse cillum dolore eu fugiat nulla pariatur.","Excepteur sint occaecat cupidatat non proident, sunt in culpa qui officia deserunt mollit anim id est laborum.",U,Food & Wine,,3,TRUE,3,TRUE
Lou Yetu,Lou Yetu,Augustine,80,http://louyetu.fr/wp-content/uploads/2016/06/Manchette-Augustine-60EUR-162x186.jpg,"Lorem ipsum dolor sit amet, consectetur adipiscing elit, sed do eiusmod tempor incididunt ut labore et dolore magna aliqua. Ut enim ad minim veniam, quis nostrud exercitation ullamco laboris nisi ut aliquip ex ea commodo consequat. Duis aute irure dolor in reprehenderit in voluptate velit esse cillum dolore eu fugiat nulla pariatur.","Excepteur sint occaecat cupidatat non proident, sunt in culpa qui officia deserunt mollit anim id est laborum.",F,Style,,5,TRUE,5,TRUE
L'Exception,Aëdle,VK1,290,https://images.duckduckgo.com/iu/?u=http%3A%2F%2Fwww.supersonido.es%2Fproductos%2Fgalerias%2Fgaleria20889-004.jpg&f=1,"Lorem ipsum dolor sit amet, consectetur adipiscing elit, sed do eiusmod tempor incididunt ut labore et dolore magna aliqua. Ut enim ad minim veniam, quis nostrud exercitation ullamco laboris nisi ut aliquip ex ea commodo consequat. Duis aute irure dolor in reprehenderit in voluptate velit esse cillum dolore eu fugiat nulla pariatur.","Excepteur sint occaecat cupidatat non proident, sunt in culpa qui officia deserunt mollit anim id est laborum.",U,Musique,Tech,4,TRUE,5,TRUE
Fleux,Polaroïd,POLAROÏD 600 CAMERA - SQUARE,139,http://www.fleux.com/media/catalog/product/cache/1/small_image/84x84/9df78eab33525d08d6e5fb8d27136e95/p/o/polaroid-600-camera-square-impossible-project-2_1.jpg,"Lorem ipsum dolor sit amet, consectetur adipiscing elit, sed do eiusmod tempor incididunt ut labore et dolore magna aliqua. Ut enim ad minim veniam, quis nostrud exercitation ullamco laboris nisi ut aliquip ex ea commodo consequat. Duis aute irure dolor in reprehenderit in voluptate velit esse cillum dolore eu fugiat nulla pariatur.","Excepteur sint occaecat cupidatat non proident, sunt in culpa qui officia deserunt mollit anim id est laborum.",U,Arts & Culture,Travel,3,TRUE,9,TRUE
Fleux,Polaroïd,FILMS POLAROÏD 600 - COULEUR,20,http://www.fleux.com/media/catalog/product/cache/1/small_image/84x84/9df78eab33525d08d6e5fb8d27136e95/f/i/film-couleur-polaroid-600-2.jpg,"Lorem ipsum dolor sit amet, consectetur adipiscing elit, sed do eiusmod tempor incididunt ut labore et dolore magna aliqua. Ut enim ad minim veniam, quis nostrud exercitation ullamco laboris nisi ut aliquip ex ea commodo consequat. Duis aute irure dolor in reprehenderit in voluptate velit esse cillum dolore eu fugiat nulla pariatur.","Excepteur sint occaecat cupidatat non proident, sunt in culpa qui officia deserunt mollit anim id est laborum.",U,Arts & Culture,Travel,2,TRUE,2,TRUE
Fleux,Polaroïd,FILMS POLAROÏD 600 / SX-70 - NOIR & BLANC,20,http://www.fleux.com/media/catalog/product/cache/1/small_image/84x84/9df78eab33525d08d6e5fb8d27136e95/f/i/film-noir-blanc-polaroid-600-1.jpg,"Lorem ipsum dolor sit amet, consectetur adipiscing elit, sed do eiusmod tempor incididunt ut labore et dolore magna aliqua. Ut enim ad minim veniam, quis nostrud exercitation ullamco laboris nisi ut aliquip ex ea commodo consequat. Duis aute irure dolor in reprehenderit in voluptate velit esse cillum dolore eu fugiat nulla pariatur.","Excepteur sint occaecat cupidatat non proident, sunt in culpa qui officia deserunt mollit anim id est laborum.",U,Arts & Culture,Travel,4,TRUE,6,TRUE
Fleux,Ridleys',SET DE POKER - RIDLEY'S GAMES ROOM,50,http://www.fleux.com/media/catalog/product/cache/1/small_image/84x84/9df78eab33525d08d6e5fb8d27136e95/p/o/poker_set_ridley_s_games_room_wild___wolf_bd.jpg,"Lorem ipsum dolor sit amet, consectetur adipiscing elit, sed do eiusmod tempor incididunt ut labore et dolore magna aliqua. Ut enim ad minim veniam, quis nostrud exercitation ullamco laboris nisi ut aliquip ex ea commodo consequat. Duis aute irure dolor in reprehenderit in voluptate velit esse cillum dolore eu fugiat nulla pariatur.","Excepteur sint occaecat cupidatat non proident, sunt in culpa qui officia deserunt mollit anim id est laborum.",M,Gaming,Arts & Culture,2,TRUE,5,TRUE
Fleux,Ridleys',JEU DE DAMES ET D'ÉCHECS - RIDLEY'S GAMES ROOM,26,http://www.fleux.com/media/catalog/product/cache/1/small_image/84x84/9df78eab33525d08d6e5fb8d27136e95/c/h/chess_draughts_checkers_ridley_s_games_room_wild___wolf_bd.jpg,"Lorem ipsum dolor sit amet, consectetur adipiscing elit, sed do eiusmod tempor incididunt ut labore et dolore magna aliqua. Ut enim ad minim veniam, quis nostrud exercitation ullamco laboris nisi ut aliquip ex ea commodo consequat. Duis aute irure dolor in reprehenderit in voluptate velit esse cillum dolore eu fugiat nulla pariatur.","Excepteur sint occaecat cupidatat non proident, sunt in culpa qui officia deserunt mollit anim id est laborum.",M,Gaming,Arts & Culture,5,TRUE,1,TRUE
Fleux,Gentlemen's Hardware,NÉCESSAIRE À CIRAGE POUR CHAUSSURES - BLEU,20,http://www.fleux.com/media/catalog/product/cache/1/small_image/84x84/9df78eab33525d08d6e5fb8d27136e95/g/e/gents_shoeshinekit_gen046_hi_bd.jpg,"Lorem ipsum dolor sit amet, consectetur adipiscing elit, sed do eiusmod tempor incididunt ut labore et dolore magna aliqua. Ut enim ad minim veniam, quis nostrud exercitation ullamco laboris nisi ut aliquip ex ea commodo consequat. Duis aute irure dolor in reprehenderit in voluptate velit esse cillum dolore eu fugiat nulla pariatur.","Excepteur sint occaecat cupidatat non proident, sunt in culpa qui officia deserunt mollit anim id est laborum.",M,Style,,4,TRUE,1,TRUE
Fleux,Ted Baker,KIT DE RÉPARATION VÉLO - TED BAKER,27,http://www.fleux.com/media/catalog/product/cache/1/small_image/84x84/9df78eab33525d08d6e5fb8d27136e95/b/i/bike-repair.jpg,"Lorem ipsum dolor sit amet, consectetur adipiscing elit, sed do eiusmod tempor incididunt ut labore et dolore magna aliqua. Ut enim ad minim veniam, quis nostrud exercitation ullamco laboris nisi ut aliquip ex ea commodo consequat. Duis aute irure dolor in reprehenderit in voluptate velit esse cillum dolore eu fugiat nulla pariatur.","Excepteur sint occaecat cupidatat non proident, sunt in culpa qui officia deserunt mollit anim id est laborum.",M,Outdoor,,5,TRUE,10,TRUE
Fleux,La Fonction,"PORTE-DOCUMENTS 13"" - BLEU - LA FONCTION",240,http://www.fleux.com/media/catalog/product/cache/1/small_image/84x84/9df78eab33525d08d6e5fb8d27136e95/p/o/pochette-la-fonction-13-navy-2.jpg,"Lorem ipsum dolor sit amet, consectetur adipiscing elit, sed do eiusmod tempor incididunt ut labore et dolore magna aliqua. Ut enim ad minim veniam, quis nostrud exercitation ullamco laboris nisi ut aliquip ex ea commodo consequat. Duis aute irure dolor in reprehenderit in voluptate velit esse cillum dolore eu fugiat nulla pariatur.","Excepteur sint occaecat cupidatat non proident, sunt in culpa qui officia deserunt mollit anim id est laborum.",M,Style,Travel,5,TRUE,5,TRUE
Fleux,Lexon,RADIO TYKHO 2 ROUGE - LEXON,75,http://www.fleux.com/media/catalog/product/cache/1/small_image/84x84/9df78eab33525d08d6e5fb8d27136e95/r/a/radio-tykho-new-lexon-rouge.jpg,"Lorem ipsum dolor sit amet, consectetur adipiscing elit, sed do eiusmod tempor incididunt ut labore et dolore magna aliqua. Ut enim ad minim veniam, quis nostrud exercitation ullamco laboris nisi ut aliquip ex ea commodo consequat. Duis aute irure dolor in reprehenderit in voluptate velit esse cillum dolore eu fugiat nulla pariatur.","Excepteur sint occaecat cupidatat non proident, sunt in culpa qui officia deserunt mollit anim id est laborum.",U,Musique,Tech,4,TRUE,1,TRUE
Fleux,-,PROJECTEUR POUR SMARTPHONE - DIY,36,http://www.fleux.com/media/catalog/product/cache/1/small_image/84x84/9df78eab33525d08d6e5fb8d27136e95/p/r/projecteur-smartphone-diy-6.jpg,"Lorem ipsum dolor sit amet, consectetur adipiscing elit, sed do eiusmod tempor incididunt ut labore et dolore magna aliqua. Ut enim ad minim veniam, quis nostrud exercitation ullamco laboris nisi ut aliquip ex ea commodo consequat. Duis aute irure dolor in reprehenderit in voluptate velit esse cillum dolore eu fugiat nulla pariatur.","Excepteur sint occaecat cupidatat non proident, sunt in culpa qui officia deserunt mollit anim id est laborum.",U,Tech,,4,TRUE,2,TRUE
Fleux,Kreafunk,LECTEUR PORTABLE BLUETOOTH GRIS - AMOVE - KREAFUNK,110,http://www.fleux.com/media/catalog/product/cache/1/small_image/84x84/9df78eab33525d08d6e5fb8d27136e95/k/r/kreafunk-enceinte-bluetooth-amove.jpg,"Lorem ipsum dolor sit amet, consectetur adipiscing elit, sed do eiusmod tempor incididunt ut labore et dolore magna aliqua. Ut enim ad minim veniam, quis nostrud exercitation ullamco laboris nisi ut aliquip ex ea commodo consequat. Duis aute irure dolor in reprehenderit in voluptate velit esse cillum dolore eu fugiat nulla pariatur.","Excepteur sint occaecat cupidatat non proident, sunt in culpa qui officia deserunt mollit anim id est laborum.",U,Musique,Tech,3,TRUE,6,TRUE
Fleux,Kreafunk,BATTERIE DE SECOURS GALET TOCHARGE - GRIS CLAIR - KREAFUNK,56,http://www.fleux.com/media/catalog/product/cache/1/small_image/84x84/9df78eab33525d08d6e5fb8d27136e95/k/f/kfsk78_bd.jpg,"Lorem ipsum dolor sit amet, consectetur adipiscing elit, sed do eiusmod tempor incididunt ut labore et dolore magna aliqua. Ut enim ad minim veniam, quis nostrud exercitation ullamco laboris nisi ut aliquip ex ea commodo consequat. Duis aute irure dolor in reprehenderit in voluptate velit esse cillum dolore eu fugiat nulla pariatur.","Excepteur sint occaecat cupidatat non proident, sunt in culpa qui officia deserunt mollit anim id est laborum.",U,Tech,Travel,3,TRUE,8,TRUE
Fleux,Le Cord,CÂBLE DE CHARGEMENT KRUGERI - LE CORD,30,http://www.fleux.com/media/catalog/product/cache/1/small_image/84x84/9df78eab33525d08d6e5fb8d27136e95/k/r/krugeri.jpg,"Lorem ipsum dolor sit amet, consectetur adipiscing elit, sed do eiusmod tempor incididunt ut labore et dolore magna aliqua. Ut enim ad minim veniam, quis nostrud exercitation ullamco laboris nisi ut aliquip ex ea commodo consequat. Duis aute irure dolor in reprehenderit in voluptate velit esse cillum dolore eu fugiat nulla pariatur.","Excepteur sint occaecat cupidatat non proident, sunt in culpa qui officia deserunt mollit anim id est laborum.",U,Tech,Travel,5,TRUE,1,TRUE
Fleux,Fujifilm,INSTAX MINI 8 NOIR,89,http://www.fleux.com/media/catalog/product/cache/1/small_image/84x84/9df78eab33525d08d6e5fb8d27136e95/i/n/instax-mini-8-fujifilm-noir_2.jpg,"Lorem ipsum dolor sit amet, consectetur adipiscing elit, sed do eiusmod tempor incididunt ut labore et dolore magna aliqua. Ut enim ad minim veniam, quis nostrud exercitation ullamco laboris nisi ut aliquip ex ea commodo consequat. Duis aute irure dolor in reprehenderit in voluptate velit esse cillum dolore eu fugiat nulla pariatur.","Excepteur sint occaecat cupidatat non proident, sunt in culpa qui officia deserunt mollit anim id est laborum.",U,Arts & Culture,Travel,3,TRUE,6,TRUE
Fleux,Fujifilm,PACK 10 FILMS INSTAX MINI 8,12,http://www.fleux.com/media/catalog/product/cache/1/small_image/84x84/9df78eab33525d08d6e5fb8d27136e95/f/i/film-instax-mini-8-monopack-fujifilm.jpg,"Lorem ipsum dolor sit amet, consectetur adipiscing elit, sed do eiusmod tempor incididunt ut labore et dolore magna aliqua. Ut enim ad minim veniam, quis nostrud exercitation ullamco laboris nisi ut aliquip ex ea commodo consequat. Duis aute irure dolor in reprehenderit in voluptate velit esse cillum dolore eu fugiat nulla pariatur.","Excepteur sint occaecat cupidatat non proident, sunt in culpa qui officia deserunt mollit anim id est laborum.",U,Arts & Culture,Travel,4,TRUE,6,TRUE
Fleux,Arne Jacobsen,RÉVEIL STATION TABLE VERT BY ARNE JACOBSEN,115,http://www.fleux.com/media/catalog/product/cache/1/small_image/84x84/9df78eab33525d08d6e5fb8d27136e95/r/o/rosendahl-reveil-vert-design.jpg,"Lorem ipsum dolor sit amet, consectetur adipiscing elit, sed do eiusmod tempor incididunt ut labore et dolore magna aliqua. Ut enim ad minim veniam, quis nostrud exercitation ullamco laboris nisi ut aliquip ex ea commodo consequat. Duis aute irure dolor in reprehenderit in voluptate velit esse cillum dolore eu fugiat nulla pariatur.","Excepteur sint occaecat cupidatat non proident, sunt in culpa qui officia deserunt mollit anim id est laborum.",U,Style,,3,TRUE,6,TRUE
Merci,Cooperative de Creation,Sac de sport / voyage / yoga,90,https://www.merci-merci.com/media/cache/catalog/product/m/e/630X840/me17cdceonil_010-bleu_tu-1.png,"Lorem ipsum dolor sit amet, consectetur adipiscing elit, sed do eiusmod tempor incididunt ut labore et dolore magna aliqua. Ut enim ad minim veniam, quis nostrud exercitation ullamco laboris nisi ut aliquip ex ea commodo consequat. Duis aute irure dolor in reprehenderit in voluptate velit esse cillum dolore eu fugiat nulla pariatur.","Excepteur sint occaecat cupidatat non proident, sunt in culpa qui officia deserunt mollit anim id est laborum.",F,Outdoor,Travel,4,TRUE,7,TRUE
Merci,Chipolo,ORTE-CLÉS GÉOLOCALISABLE BLUETOOTH,35,http://cache.natureetdecouvertes.com.s0.frz.io/Medias/Images/Articles/52141690/52141690-1.jpg?frz-v90&width=650&height=650,"Lorem ipsum dolor sit amet, consectetur adipiscing elit, sed do eiusmod tempor incididunt ut labore et dolore magna aliqua. Ut enim ad minim veniam, quis nostrud exercitation ullamco laboris nisi ut aliquip ex ea commodo consequat. Duis aute irure dolor in reprehenderit in voluptate velit esse cillum dolore eu fugiat nulla pariatur.","Excepteur sint occaecat cupidatat non proident, sunt in culpa qui officia deserunt mollit anim id est laborum.",U,Tech,,1,TRUE,10,TRUE
Merci,Big Game,Clé Usb 8Go Color,16,https://www.merci-merci.com/media/cache/catalog/product/h/3/630X840/h35892005-1.png,"Lorem ipsum dolor sit amet, consectetur adipiscing elit, sed do eiusmod tempor incididunt ut labore et dolore magna aliqua. Ut enim ad minim veniam, quis nostrud exercitation ullamco laboris nisi ut aliquip ex ea commodo consequat. Duis aute irure dolor in reprehenderit in voluptate velit esse cillum dolore eu fugiat nulla pariatur.","Excepteur sint occaecat cupidatat non proident, sunt in culpa qui officia deserunt mollit anim id est laborum.",U,Tech,Travel,4,TRUE,5,TRUE
Merci,Midori,CARNET DE VOYAGE EN CUIR,40,https://www.merci-merci.com/media/cache/catalog/product/h/6/630X840/h63426101-1.png,"Lorem ipsum dolor sit amet, consectetur adipiscing elit, sed do eiusmod tempor incididunt ut labore et dolore magna aliqua. Ut enim ad minim veniam, quis nostrud exercitation ullamco laboris nisi ut aliquip ex ea commodo consequat. Duis aute irure dolor in reprehenderit in voluptate velit esse cillum dolore eu fugiat nulla pariatur.","Excepteur sint occaecat cupidatat non proident, sunt in culpa qui officia deserunt mollit anim id est laborum.",U,Travel,Style,2,TRUE,8,TRUE
Fnac,Marshall,Enceinte Marshall Kilburn Crème,270,http://static.fnac-static.com/multimedia/Images/FR/NR/ff/3f/6d/7159807/1539-1/tsp20150605134629/Enceinte-Marshall-Kilburn-Creme.jpg,"Lorem ipsum dolor sit amet, consectetur adipiscing elit, sed do eiusmod tempor incididunt ut labore et dolore magna aliqua. Ut enim ad minim veniam, quis nostrud exercitation ullamco laboris nisi ut aliquip ex ea commodo consequat. Duis aute irure dolor in reprehenderit in voluptate velit esse cillum dolore eu fugiat nulla pariatur.","Excepteur sint occaecat cupidatat non proident, sunt in culpa qui officia deserunt mollit anim id est laborum.",U,Musique,Tech,2,TRUE,7,TRUE
Fnac,Marshall,Enceinte Bluetooth Marshall Acton Black,200,http://static.fnac-static.com/multimedia/Images/FR/NR/8e/48/60/6310030/1520-1/tsp20141013112233/Enceinte-Bluetooth-Marshall-Acton-Black.jpg,"Lorem ipsum dolor sit amet, consectetur adipiscing elit, sed do eiusmod tempor incididunt ut labore et dolore magna aliqua. Ut enim ad minim veniam, quis nostrud exercitation ullamco laboris nisi ut aliquip ex ea commodo consequat. Duis aute irure dolor in reprehenderit in voluptate velit esse cillum dolore eu fugiat nulla pariatur.","Excepteur sint occaecat cupidatat non proident, sunt in culpa qui officia deserunt mollit anim id est laborum.",U,Musique,Tech,4,TRUE,7,TRUE
Merci,Waka Waka,"CHARGEUR SOLAIRE DE BATTERIE JAUNE, POWER PLUS",69,https://www.merci-merci.com/media/cache/catalog/product/h/3/630X840/h351626001-2.png,"Lorem ipsum dolor sit amet, consectetur adipiscing elit, sed do eiusmod tempor incididunt ut labore et dolore magna aliqua. Ut enim ad minim veniam, quis nostrud exercitation ullamco laboris nisi ut aliquip ex ea commodo consequat. Duis aute irure dolor in reprehenderit in voluptate velit esse cillum dolore eu fugiat nulla pariatur.","Excepteur sint occaecat cupidatat non proident, sunt in culpa qui officia deserunt mollit anim id est laborum.",M,Travel,Tech,2,TRUE,4,TRUE
Cyril Lignac Website,Cyril Lignac,DÉJEUNER ACCORDS METS-VINS POUR 2 PERS.,225,http://boutique.cyrillignac.com/519-large_default/bon-cadeau-diner-restaurant-le-quinzieme.jpg,"Lorem ipsum dolor sit amet, consectetur adipiscing elit, sed do eiusmod tempor incididunt ut labore et dolore magna aliqua. Ut enim ad minim veniam, quis nostrud exercitation ullamco laboris nisi ut aliquip ex ea commodo consequat. Duis aute irure dolor in reprehenderit in voluptate velit esse cillum dolore eu fugiat nulla pariatur.","Excepteur sint occaecat cupidatat non proident, sunt in culpa qui officia deserunt mollit anim id est laborum.",U,Food & Wine,,3,TRUE,1,TRUE
Cyril Lignac Website,Cyril Lignac,DÉJEUNER POUR 2 PERS.,140,http://boutique.cyrillignac.com/519-large_default/bon-cadeau-diner-restaurant-le-quinzieme.jpg,"Lorem ipsum dolor sit amet, consectetur adipiscing elit, sed do eiusmod tempor incididunt ut labore et dolore magna aliqua. Ut enim ad minim veniam, quis nostrud exercitation ullamco laboris nisi ut aliquip ex ea commodo consequat. Duis aute irure dolor in reprehenderit in voluptate velit esse cillum dolore eu fugiat nulla pariatur.","Excepteur sint occaecat cupidatat non proident, sunt in culpa qui officia deserunt mollit anim id est laborum.",U,Food & Wine,,2,TRUE,6,TRUE
Ecole de Cuisine Alain Ducasse,Alain Ducasse,CUISINE 3* - LA SOIRÉE,140,http://www.ecolecuisine-alainducasse.com/media/cache/ecad_bc_liste/uploads/BC/d63a7249adc271123b0f5a367a59cf0f659e6d6e.jpeg,"Lorem ipsum dolor sit amet, consectetur adipiscing elit, sed do eiusmod tempor incididunt ut labore et dolore magna aliqua. Ut enim ad minim veniam, quis nostrud exercitation ullamco laboris nisi ut aliquip ex ea commodo consequat. Duis aute irure dolor in reprehenderit in voluptate velit esse cillum dolore eu fugiat nulla pariatur.","Excepteur sint occaecat cupidatat non proident, sunt in culpa qui officia deserunt mollit anim id est laborum.",U,Food & Wine,,3,TRUE,10,TRUE
Ecole de Cuisine Alain Ducasse,Alain Ducasse,DEMI-JOURNÉE DE CUISINE OU DE PÂTISSERIE,170,http://www.ecolecuisine-alainducasse.com/media/cache/ecad_bc_liste/uploads/BC/0411dd4bfa413fe02c743ed63b4e77f5eef6a11f.jpeg,"Lorem ipsum dolor sit amet, consectetur adipiscing elit, sed do eiusmod tempor incididunt ut labore et dolore magna aliqua. Ut enim ad minim veniam, quis nostrud exercitation ullamco laboris nisi ut aliquip ex ea commodo consequat. Duis aute irure dolor in reprehenderit in voluptate velit esse cillum dolore eu fugiat nulla pariatur.","Excepteur sint occaecat cupidatat non proident, sunt in culpa qui officia deserunt mollit anim id est laborum.",U,Food & Wine,,3,TRUE,8,TRUE
Ecole de Cuisine Alain Ducasse,Alain Ducasse,ŒNOLOGIE : « VINS INCONTOURNABLES »,90,http://www.ecolecuisine-alainducasse.com/media/cache/ecad_bc_liste/uploads/BC/38612a230362c4f4f4cd262a0e2c64fbfa994c02.jpeg,"Lorem ipsum dolor sit amet, consectetur adipiscing elit, sed do eiusmod tempor incididunt ut labore et dolore magna aliqua. Ut enim ad minim veniam, quis nostrud exercitation ullamco laboris nisi ut aliquip ex ea commodo consequat. Duis aute irure dolor in reprehenderit in voluptate velit esse cillum dolore eu fugiat nulla pariatur.","Excepteur sint occaecat cupidatat non proident, sunt in culpa qui officia deserunt mollit anim id est laborum.",U,Food & Wine,Arts & Culture,1,TRUE,8,TRUE
Ecole de Cuisine Alain Ducasse,Alain Ducasse,ŒNOLOGIE : « VINS À (RE)DÉCOUVRIR »,65,http://www.ecolecuisine-alainducasse.com/media/cache/ecad_bc_liste/uploads/BC/38612a230362c4f4f4cd262a0e2c64fbfa994c02.jpeg,"Lorem ipsum dolor sit amet, consectetur adipiscing elit, sed do eiusmod tempor incididunt ut labore et dolore magna aliqua. Ut enim ad minim veniam, quis nostrud exercitation ullamco laboris nisi ut aliquip ex ea commodo consequat. Duis aute irure dolor in reprehenderit in voluptate velit esse cillum dolore eu fugiat nulla pariatur.","Excepteur sint occaecat cupidatat non proident, sunt in culpa qui officia deserunt mollit anim id est laborum.",U,Food & Wine,Arts & Culture,5,TRUE,8,TRUE
La Maison du Whisky,NIkka,NIKKA Blended Whisky 40%,32,http://www.whisky.fr/media/catalog/product/cache/1/image/169x225/9df78eab33525d08d6e5fb8d27136e95/m/1/m17017_10.jpg,"Lorem ipsum dolor sit amet, consectetur adipiscing elit, sed do eiusmod tempor incididunt ut labore et dolore magna aliqua. Ut enim ad minim veniam, quis nostrud exercitation ullamco laboris nisi ut aliquip ex ea commodo consequat. Duis aute irure dolor in reprehenderit in voluptate velit esse cillum dolore eu fugiat nulla pariatur.","Excepteur sint occaecat cupidatat non proident, sunt in culpa qui officia deserunt mollit anim id est laborum.",M,Food & Wine,Style,4,TRUE,7,TRUE
La Maison du Whisky,NIkka,"NIKKA From the Barrel 51,4%",40,http://www.whisky.fr/media/catalog/product/cache/1/image/169x225/9df78eab33525d08d6e5fb8d27136e95/m/6/m624_8.jpg,"Lorem ipsum dolor sit amet, consectetur adipiscing elit, sed do eiusmod tempor incididunt ut labore et dolore magna aliqua. Ut enim ad minim veniam, quis nostrud exercitation ullamco laboris nisi ut aliquip ex ea commodo consequat. Duis aute irure dolor in reprehenderit in voluptate velit esse cillum dolore eu fugiat nulla pariatur.","Excepteur sint occaecat cupidatat non proident, sunt in culpa qui officia deserunt mollit anim id est laborum.",M,Food & Wine,Style,1,TRUE,1,TRUE
La Maison du Whisky,Caol Ila,CAOL ILA 12 ans 43%,48,http://www.whisky.fr/media/catalog/product/cache/1/image/290x420/9df78eab33525d08d6e5fb8d27136e95/m/8/m8457.jpg,"Lorem ipsum dolor sit amet, consectetur adipiscing elit, sed do eiusmod tempor incididunt ut labore et dolore magna aliqua. Ut enim ad minim veniam, quis nostrud exercitation ullamco laboris nisi ut aliquip ex ea commodo consequat. Duis aute irure dolor in reprehenderit in voluptate velit esse cillum dolore eu fugiat nulla pariatur.","Excepteur sint occaecat cupidatat non proident, sunt in culpa qui officia deserunt mollit anim id est laborum.",M,Food & Wine,Style,3,TRUE,8,TRUE
La Maison du Whisky,Knockando,KNOCKANDO 18 ans Slow Matured 43%,55,http://www.whisky.fr/media/catalog/product/cache/1/image/290x420/9df78eab33525d08d6e5fb8d27136e95/m/8/m8194_4.jpg,"Lorem ipsum dolor sit amet, consectetur adipiscing elit, sed do eiusmod tempor incididunt ut labore et dolore magna aliqua. Ut enim ad minim veniam, quis nostrud exercitation ullamco laboris nisi ut aliquip ex ea commodo consequat. Duis aute irure dolor in reprehenderit in voluptate velit esse cillum dolore eu fugiat nulla pariatur.","Excepteur sint occaecat cupidatat non proident, sunt in culpa qui officia deserunt mollit anim id est laborum.",M,Food & Wine,Style,5,TRUE,1,TRUE
La Maison du Whisky,Talisker,"TALISKER Distillers Edition 45,8%",56,http://www.whisky.fr/media/catalog/product/cache/1/image/290x420/9df78eab33525d08d6e5fb8d27136e95/m/8/m8602_2.jpg,"Lorem ipsum dolor sit amet, consectetur adipiscing elit, sed do eiusmod tempor incididunt ut labore et dolore magna aliqua. Ut enim ad minim veniam, quis nostrud exercitation ullamco laboris nisi ut aliquip ex ea commodo consequat. Duis aute irure dolor in reprehenderit in voluptate velit esse cillum dolore eu fugiat nulla pariatur.","Excepteur sint occaecat cupidatat non proident, sunt in culpa qui officia deserunt mollit anim id est laborum.",M,Food & Wine,Style,5,TRUE,10,TRUE
La Maison du Whisky,Lagavulin,LAGAVULIN Distillers Edition 43%,87,http://www.whisky.fr/media/catalog/product/cache/1/image/290x420/9df78eab33525d08d6e5fb8d27136e95/m/8/m8334_6.jpg,"Lorem ipsum dolor sit amet, consectetur adipiscing elit, sed do eiusmod tempor incididunt ut labore et dolore magna aliqua. Ut enim ad minim veniam, quis nostrud exercitation ullamco laboris nisi ut aliquip ex ea commodo consequat. Duis aute irure dolor in reprehenderit in voluptate velit esse cillum dolore eu fugiat nulla pariatur.","Excepteur sint occaecat cupidatat non proident, sunt in culpa qui officia deserunt mollit anim id est laborum.",M,Food & Wine,Style,4,TRUE,4,TRUE
La Maison du Whisky,Dalmore,DALMORE 15 ans 40%,88,http://www.whisky.fr/media/catalog/product/cache/1/image/290x420/9df78eab33525d08d6e5fb8d27136e95/m/1/m14697_4.jpg,"Lorem ipsum dolor sit amet, consectetur adipiscing elit, sed do eiusmod tempor incididunt ut labore et dolore magna aliqua. Ut enim ad minim veniam, quis nostrud exercitation ullamco laboris nisi ut aliquip ex ea commodo consequat. Duis aute irure dolor in reprehenderit in voluptate velit esse cillum dolore eu fugiat nulla pariatur.","Excepteur sint occaecat cupidatat non proident, sunt in culpa qui officia deserunt mollit anim id est laborum.",M,Food & Wine,Style,3,TRUE,4,TRUE
La Maison du Whisky,La Maison du Whisky,PIERRES A WHISKY Coffret 9 Pierres,20,http://www.whisky.fr/media/catalog/product/cache/1/image/290x420/9df78eab33525d08d6e5fb8d27136e95/m/1/m17750_2.jpg,"Lorem ipsum dolor sit amet, consectetur adipiscing elit, sed do eiusmod tempor incididunt ut labore et dolore magna aliqua. Ut enim ad minim veniam, quis nostrud exercitation ullamco laboris nisi ut aliquip ex ea commodo consequat. Duis aute irure dolor in reprehenderit in voluptate velit esse cillum dolore eu fugiat nulla pariatur.","Excepteur sint occaecat cupidatat non proident, sunt in culpa qui officia deserunt mollit anim id est laborum.",M,Food & Wine,Style,1,TRUE,2,TRUE
La Maison du Whisky,La Maison du Whisky,THE PURE GLASS Grand Modele Cof. 2 Verres,46,http://www.whisky.fr/media/catalog/product/cache/1/image/290x420/9df78eab33525d08d6e5fb8d27136e95/m/2/m2902_2.jpg,"Lorem ipsum dolor sit amet, consectetur adipiscing elit, sed do eiusmod tempor incididunt ut labore et dolore magna aliqua. Ut enim ad minim veniam, quis nostrud exercitation ullamco laboris nisi ut aliquip ex ea commodo consequat. Duis aute irure dolor in reprehenderit in voluptate velit esse cillum dolore eu fugiat nulla pariatur.","Excepteur sint occaecat cupidatat non proident, sunt in culpa qui officia deserunt mollit anim id est laborum.",M,Food & Wine,,2,TRUE,7,TRUE
La Maison du Whisky,La Maison du Whisky,THE TASTING GLASS by LMDW Carton de 6 Verres,27,http://www.whisky.fr/media/catalog/product/cache/1/image/290x420/9df78eab33525d08d6e5fb8d27136e95/m/3/m33642.jpg,"Lorem ipsum dolor sit amet, consectetur adipiscing elit, sed do eiusmod tempor incididunt ut labore et dolore magna aliqua. Ut enim ad minim veniam, quis nostrud exercitation ullamco laboris nisi ut aliquip ex ea commodo consequat. Duis aute irure dolor in reprehenderit in voluptate velit esse cillum dolore eu fugiat nulla pariatur.","Excepteur sint occaecat cupidatat non proident, sunt in culpa qui officia deserunt mollit anim id est laborum.",M,Food & Wine,,3,TRUE,1,TRUE
Lavinia,Lavinia,Bouteille de vin,20 - 500,http://www.lavinia.fr/spree/products/10607/medium/Chateau-Monbrison_Margaux_54948.jpg?1403538260,"Lorem ipsum dolor sit amet, consectetur adipiscing elit, sed do eiusmod tempor incididunt ut labore et dolore magna aliqua. Ut enim ad minim veniam, quis nostrud exercitation ullamco laboris nisi ut aliquip ex ea commodo consequat. Duis aute irure dolor in reprehenderit in voluptate velit esse cillum dolore eu fugiat nulla pariatur.","Excepteur sint occaecat cupidatat non proident, sunt in culpa qui officia deserunt mollit anim id est laborum.",M,Food & Wine,Style,1,TRUE,7,TRUE
Lavinia,Lavinia,"Schott Zwiesel, Verre à Bourgogne (Gamme Ivento 115589)",5,http://www.lavinia.fr/spree/products/9691/product/VERRE_BOURGOGNE_(GAMME_IVENTO_115589)_39922.jpg?1398433411,"Lorem ipsum dolor sit amet, consectetur adipiscing elit, sed do eiusmod tempor incididunt ut labore et dolore magna aliqua. Ut enim ad minim veniam, quis nostrud exercitation ullamco laboris nisi ut aliquip ex ea commodo consequat. Duis aute irure dolor in reprehenderit in voluptate velit esse cillum dolore eu fugiat nulla pariatur.","Excepteur sint occaecat cupidatat non proident, sunt in culpa qui officia deserunt mollit anim id est laborum.",M,Food & Wine,,1,TRUE,9,TRUE
Lavinia,Lavinia,"Schott Zwiesel, Collection Viña Vin rouge (conditionnement par 6)",48,http://www.lavinia.fr/spree/products/9698/product/SCHOTT_VERRE_VINA_ROUGE_X_6__110458_(GAMME_VINA)_23893.jpg?1398259831,"Lorem ipsum dolor sit amet, consectetur adipiscing elit, sed do eiusmod tempor incididunt ut labore et dolore magna aliqua. Ut enim ad minim veniam, quis nostrud exercitation ullamco laboris nisi ut aliquip ex ea commodo consequat. Duis aute irure dolor in reprehenderit in voluptate velit esse cillum dolore eu fugiat nulla pariatur.","Excepteur sint occaecat cupidatat non proident, sunt in culpa qui officia deserunt mollit anim id est laborum.",M,Food & Wine,,5,TRUE,1,TRUE
Parrot,Parrot,Mambo,119,https://www.parrot.com/fr/sites/default/files/styles/product_teaser_display/public/mambo_packshot_03-det.png?itok=T1iGPu0K,"Lorem ipsum dolor sit amet, consectetur adipiscing elit, sed do eiusmod tempor incididunt ut labore et dolore magna aliqua. Ut enim ad minim veniam, quis nostrud exercitation ullamco laboris nisi ut aliquip ex ea commodo consequat. Duis aute irure dolor in reprehenderit in voluptate velit esse cillum dolore eu fugiat nulla pariatur.","Excepteur sint occaecat cupidatat non proident, sunt in culpa qui officia deserunt mollit anim id est laborum.",M,Tech,,4,TRUE,9,TRUE
Parrot,Parrot,Swing,139,https://www.parrot.com/fr/sites/default/files/styles/product_teaser_display/public/SWING_Packshot_03.png?itok=YfWPzYlh,"Lorem ipsum dolor sit amet, consectetur adipiscing elit, sed do eiusmod tempor incididunt ut labore et dolore magna aliqua. Ut enim ad minim veniam, quis nostrud exercitation ullamco laboris nisi ut aliquip ex ea commodo consequat. Duis aute irure dolor in reprehenderit in voluptate velit esse cillum dolore eu fugiat nulla pariatur.","Excepteur sint occaecat cupidatat non proident, sunt in culpa qui officia deserunt mollit anim id est laborum.",M,Tech,,4,TRUE,2,TRUE
Parrot,Parrot,Airborne Cargo Mars,59,http://static.fnac-static.com/multimedia/Images/FR/NR/32/dc/6e/7265330/1540-1/tsp20150727130423/MiniDrone-Parrot-Airborne-Cargo-Mars.jpg,"Lorem ipsum dolor sit amet, consectetur adipiscing elit, sed do eiusmod tempor incididunt ut labore et dolore magna aliqua. Ut enim ad minim veniam, quis nostrud exercitation ullamco laboris nisi ut aliquip ex ea commodo consequat. Duis aute irure dolor in reprehenderit in voluptate velit esse cillum dolore eu fugiat nulla pariatur.","Excepteur sint occaecat cupidatat non proident, sunt in culpa qui officia deserunt mollit anim id est laborum.",M,Tech,,5,TRUE,3,TRUE
Parrot,Parrot,AR.DRONE 2.0 Elite Edition,249,https://www.parrot.com/fr/sites/default/files/styles/product_teaser_display/public/ps/3029-large-parrot-3029jpg.jpg?itok=MpXbCuWU,"Lorem ipsum dolor sit amet, consectetur adipiscing elit, sed do eiusmod tempor incididunt ut labore et dolore magna aliqua. Ut enim ad minim veniam, quis nostrud exercitation ullamco laboris nisi ut aliquip ex ea commodo consequat. Duis aute irure dolor in reprehenderit in voluptate velit esse cillum dolore eu fugiat nulla pariatur.","Excepteur sint occaecat cupidatat non proident, sunt in culpa qui officia deserunt mollit anim id est laborum.",M,Tech,,1,TRUE,4,TRUE
Fnac,Fitbit,Coach de vie Fitbit Charge 2 Noir et Argent,160,http://static.fnac-static.com/multimedia/Images/FR/NR/00/f7/7e/8320768/1540-1/tsp20160830120549/Coach-de-vie-Fitbit-Charge-2-Noir-et-Argent-Taille-S.jpg,"Lorem ipsum dolor sit amet, consectetur adipiscing elit, sed do eiusmod tempor incididunt ut labore et dolore magna aliqua. Ut enim ad minim veniam, quis nostrud exercitation ullamco laboris nisi ut aliquip ex ea commodo consequat. Duis aute irure dolor in reprehenderit in voluptate velit esse cillum dolore eu fugiat nulla pariatur.","Excepteur sint occaecat cupidatat non proident, sunt in culpa qui officia deserunt mollit anim id est laborum.",U,Outdoor,,5,TRUE,3,TRUE
Fnac,Fitbit,Montre Sport Fitbit Cardio + GPS Surge Noir,230,http://static.fnac-static.com/multimedia/Images/FR/NR/00/8d/60/6327552/1540-1/tsp20150120162534/Montre-Sport-Fitbit-Cardio-GPS-Surge-Noir-Taille-L.jpg,"Lorem ipsum dolor sit amet, consectetur adipiscing elit, sed do eiusmod tempor incididunt ut labore et dolore magna aliqua. Ut enim ad minim veniam, quis nostrud exercitation ullamco laboris nisi ut aliquip ex ea commodo consequat. Duis aute irure dolor in reprehenderit in voluptate velit esse cillum dolore eu fugiat nulla pariatur.","Excepteur sint occaecat cupidatat non proident, sunt in culpa qui officia deserunt mollit anim id est laborum.",U,Outdoor,,4,TRUE,4,TRUE
Fnac,Fitbit,Montre Sport Fitbit Blaze,210,http://static.fnac-static.com/multimedia/Images/FR/NR/5a/76/7c/8156762/1540-1.jpg,"Lorem ipsum dolor sit amet, consectetur adipiscing elit, sed do eiusmod tempor incididunt ut labore et dolore magna aliqua. Ut enim ad minim veniam, quis nostrud exercitation ullamco laboris nisi ut aliquip ex ea commodo consequat. Duis aute irure dolor in reprehenderit in voluptate velit esse cillum dolore eu fugiat nulla pariatur.","Excepteur sint occaecat cupidatat non proident, sunt in culpa qui officia deserunt mollit anim id est laborum.",U,Outdoor,,1,TRUE,2,TRUE
Kazaden,Kazaden,Journée d’escalade sur les plus belles parois de France pour 1 à 2 personnes,320,http://shop.kazaden.com/wp-content/uploads/2015/10/esca5-850x600.jpg,"Lorem ipsum dolor sit amet, consectetur adipiscing elit, sed do eiusmod tempor incididunt ut labore et dolore magna aliqua. Ut enim ad minim veniam, quis nostrud exercitation ullamco laboris nisi ut aliquip ex ea commodo consequat. Duis aute irure dolor in reprehenderit in voluptate velit esse cillum dolore eu fugiat nulla pariatur.","Excepteur sint occaecat cupidatat non proident, sunt in culpa qui officia deserunt mollit anim id est laborum.",U,Outdoor,,2,TRUE,7,TRUE
Kazaden,Kazaden,Saut en parachute,295,http://shop.kazaden.com/wp-content/uploads/2016/11/saut-en-parachute-sables-1-850x600.jpg,"Lorem ipsum dolor sit amet, consectetur adipiscing elit, sed do eiusmod tempor incididunt ut labore et dolore magna aliqua. Ut enim ad minim veniam, quis nostrud exercitation ullamco laboris nisi ut aliquip ex ea commodo consequat. Duis aute irure dolor in reprehenderit in voluptate velit esse cillum dolore eu fugiat nulla pariatur.","Excepteur sint occaecat cupidatat non proident, sunt in culpa qui officia deserunt mollit anim id est laborum.",U,Outdoor,,1,TRUE,9,TRUE
Kazaden,Kazaden,Vol en parapente au dessus du Lac d’Annecy,95,http://shop.kazaden.com/wp-content/uploads/2016/11/parapente-annecy-2-850x600.jpg,"Lorem ipsum dolor sit amet, consectetur adipiscing elit, sed do eiusmod tempor incididunt ut labore et dolore magna aliqua. Ut enim ad minim veniam, quis nostrud exercitation ullamco laboris nisi ut aliquip ex ea commodo consequat. Duis aute irure dolor in reprehenderit in voluptate velit esse cillum dolore eu fugiat nulla pariatur.","Excepteur sint occaecat cupidatat non proident, sunt in culpa qui officia deserunt mollit anim id est laborum.",U,Outdoor,,3,TRUE,1,TRUE
Kazaden,Kazaden,Sortie freeride avec Paul-Henri de Le Rue,285,http://shop.kazaden.com/wp-content/uploads/2015/11/IMG_8615-850x600.jpg,"Lorem ipsum dolor sit amet, consectetur adipiscing elit, sed do eiusmod tempor incididunt ut labore et dolore magna aliqua. Ut enim ad minim veniam, quis nostrud exercitation ullamco laboris nisi ut aliquip ex ea commodo consequat. Duis aute irure dolor in reprehenderit in voluptate velit esse cillum dolore eu fugiat nulla pariatur.","Excepteur sint occaecat cupidatat non proident, sunt in culpa qui officia deserunt mollit anim id est laborum.",U,Outdoor,,4,TRUE,1,TRUE
Le Wagon,Le Wagon on-demand,Codez votre premier site web,100,http://www.jebossedansleweb.com/wp-content/uploads/2015/11/le-wagon-logo-horizontal-red.jpg,"Lorem ipsum dolor sit amet, consectetur adipiscing elit, sed do eiusmod tempor incididunt ut labore et dolore magna aliqua. Ut enim ad minim veniam, quis nostrud exercitation ullamco laboris nisi ut aliquip ex ea commodo consequat. Duis aute irure dolor in reprehenderit in voluptate velit esse cillum dolore eu fugiat nulla pariatur.","Excepteur sint occaecat cupidatat non proident, sunt in culpa qui officia deserunt mollit anim id est laborum.",U,Tech,,5,TRUE,8,TRUE
Le Wagon,Le Wagon on-demand,Devenez développeur front-end,150,http://www.jebossedansleweb.com/wp-content/uploads/2015/11/le-wagon-logo-horizontal-red.jpg,"Lorem ipsum dolor sit amet, consectetur adipiscing elit, sed do eiusmod tempor incididunt ut labore et dolore magna aliqua. Ut enim ad minim veniam, quis nostrud exercitation ullamco laboris nisi ut aliquip ex ea commodo consequat. Duis aute irure dolor in reprehenderit in voluptate velit esse cillum dolore eu fugiat nulla pariatur.","Excepteur sint occaecat cupidatat non proident, sunt in culpa qui officia deserunt mollit anim id est laborum.",U,Tech,,4,TRUE,5,TRUE
Le Wagon,Le Wagon on-demand,Débutez avec Ruby on Rails,200,http://www.jebossedansleweb.com/wp-content/uploads/2015/11/le-wagon-logo-horizontal-red.jpg,"Lorem ipsum dolor sit amet, consectetur adipiscing elit, sed do eiusmod tempor incididunt ut labore et dolore magna aliqua. Ut enim ad minim veniam, quis nostrud exercitation ullamco laboris nisi ut aliquip ex ea commodo consequat. Duis aute irure dolor in reprehenderit in voluptate velit esse cillum dolore eu fugiat nulla pariatur.","Excepteur sint occaecat cupidatat non proident, sunt in culpa qui officia deserunt mollit anim id est laborum.",U,Tech,,4,TRUE,3,TRUE
Nuxe,Nuxe,Spa Découverte 45min,88,https://nuxe.cdn.oxv.fr/var/images/1448893865-gamme-nuxe-spa-fr-carte-cadeau-2015-11.jpg,"Lorem ipsum dolor sit amet, consectetur adipiscing elit, sed do eiusmod tempor incididunt ut labore et dolore magna aliqua. Ut enim ad minim veniam, quis nostrud exercitation ullamco laboris nisi ut aliquip ex ea commodo consequat. Duis aute irure dolor in reprehenderit in voluptate velit esse cillum dolore eu fugiat nulla pariatur.","Excepteur sint occaecat cupidatat non proident, sunt in culpa qui officia deserunt mollit anim id est laborum.",F,BIen être,Style,1,TRUE,4,TRUE
Nuxe,Nuxe,Spa Découverte 1h,113,https://nuxe.cdn.oxv.fr/var/images/1448893865-gamme-nuxe-spa-fr-carte-cadeau-2015-11.jpg,"Lorem ipsum dolor sit amet, consectetur adipiscing elit, sed do eiusmod tempor incididunt ut labore et dolore magna aliqua. Ut enim ad minim veniam, quis nostrud exercitation ullamco laboris nisi ut aliquip ex ea commodo consequat. Duis aute irure dolor in reprehenderit in voluptate velit esse cillum dolore eu fugiat nulla pariatur.","Excepteur sint occaecat cupidatat non proident, sunt in culpa qui officia deserunt mollit anim id est laborum.",F,Bien etre,Style,1,TRUE,4,TRUE
Nuxe,Nuxe,Spa Visage 1h15,118,https://nuxe.cdn.oxv.fr/var/images/1448893865-gamme-nuxe-spa-fr-carte-cadeau-2015-11.jpg,"Lorem ipsum dolor sit amet, consectetur adipiscing elit, sed do eiusmod tempor incididunt ut labore et dolore magna aliqua. Ut enim ad minim veniam, quis nostrud exercitation ullamco laboris nisi ut aliquip ex ea commodo consequat. Duis aute irure dolor in reprehenderit in voluptate velit esse cillum dolore eu fugiat nulla pariatur.","Excepteur sint occaecat cupidatat non proident, sunt in culpa qui officia deserunt mollit anim id est laborum.",F,Bien etre,Style,2,TRUE,5,TRUE
Nuxe,Nuxe,Spa Bien être 1h15,133,https://nuxe.cdn.oxv.fr/var/images/1448893865-gamme-nuxe-spa-fr-carte-cadeau-2015-11.jpg,"Lorem ipsum dolor sit amet, consectetur adipiscing elit, sed do eiusmod tempor incididunt ut labore et dolore magna aliqua. Ut enim ad minim veniam, quis nostrud exercitation ullamco laboris nisi ut aliquip ex ea commodo consequat. Duis aute irure dolor in reprehenderit in voluptate velit esse cillum dolore eu fugiat nulla pariatur.","Excepteur sint occaecat cupidatat non proident, sunt in culpa qui officia deserunt mollit anim id est laborum.",F,Bien etre,Style,4,TRUE,4,TRUE
Pierre Hermé,Pierre Hermé,Signature 7 Macarons,18,http://www.pierreherme.com/media/catalog/product/cache/1/image/350x/9df78eab33525d08d6e5fb8d27136e95/p/a/pack_7mac_2_1200x1200.jpg,"Lorem ipsum dolor sit amet, consectetur adipiscing elit, sed do eiusmod tempor incididunt ut labore et dolore magna aliqua. Ut enim ad minim veniam, quis nostrud exercitation ullamco laboris nisi ut aliquip ex ea commodo consequat. Duis aute irure dolor in reprehenderit in voluptate velit esse cillum dolore eu fugiat nulla pariatur.","Excepteur sint occaecat cupidatat non proident, sunt in culpa qui officia deserunt mollit anim id est laborum.",U,Food & Wine,,4,TRUE,3,TRUE
Pierre Hermé,Pierre Hermé,Signature 12 Macarons,29,http://www.pierreherme.com/media/catalog/product/cache/1/image/350x/9df78eab33525d08d6e5fb8d27136e95/p/a/pack_12mac_2_1200x1200.jpg,"Lorem ipsum dolor sit amet, consectetur adipiscing elit, sed do eiusmod tempor incididunt ut labore et dolore magna aliqua. Ut enim ad minim veniam, quis nostrud exercitation ullamco laboris nisi ut aliquip ex ea commodo consequat. Duis aute irure dolor in reprehenderit in voluptate velit esse cillum dolore eu fugiat nulla pariatur.","Excepteur sint occaecat cupidatat non proident, sunt in culpa qui officia deserunt mollit anim id est laborum.",U,Food & Wine,,5,TRUE,8,TRUE
Pierre Hermé,Pierre Hermé,Signature 18 Macarons,41,http://www.pierreherme.com/media/catalog/product/cache/1/image/350x/9df78eab33525d08d6e5fb8d27136e95/p/a/pack_18mac_2_1200x1200.jpg,"Lorem ipsum dolor sit amet, consectetur adipiscing elit, sed do eiusmod tempor incididunt ut labore et dolore magna aliqua. Ut enim ad minim veniam, quis nostrud exercitation ullamco laboris nisi ut aliquip ex ea commodo consequat. Duis aute irure dolor in reprehenderit in voluptate velit esse cillum dolore eu fugiat nulla pariatur.","Excepteur sint occaecat cupidatat non proident, sunt in culpa qui officia deserunt mollit anim id est laborum.",U,Food & Wine,,5,TRUE,8,TRUE
Pierre Hermé,Pierre Hermé,Signature 24 Macarons,52,http://www.pierreherme.com/media/catalog/product/cache/1/image/350x/9df78eab33525d08d6e5fb8d27136e95/p/a/pack_24mac_2_1200x1200.jpg,"Lorem ipsum dolor sit amet, consectetur adipiscing elit, sed do eiusmod tempor incididunt ut labore et dolore magna aliqua. Ut enim ad minim veniam, quis nostrud exercitation ullamco laboris nisi ut aliquip ex ea commodo consequat. Duis aute irure dolor in reprehenderit in voluptate velit esse cillum dolore eu fugiat nulla pariatur.","Excepteur sint occaecat cupidatat non proident, sunt in culpa qui officia deserunt mollit anim id est laborum.",U,Food & Wine,,1,TRUE,2,TRUE
Pierre Hermé,Pierre Hermé,Signature 40 Macarons,85,http://www.pierreherme.com/media/catalog/product/cache/1/image/350x/9df78eab33525d08d6e5fb8d27136e95/p/a/pack_40mac_2_1200x1200.jpg,"Lorem ipsum dolor sit amet, consectetur adipiscing elit, sed do eiusmod tempor incididunt ut labore et dolore magna aliqua. Ut enim ad minim veniam, quis nostrud exercitation ullamco laboris nisi ut aliquip ex ea commodo consequat. Duis aute irure dolor in reprehenderit in voluptate velit esse cillum dolore eu fugiat nulla pariatur.","Excepteur sint occaecat cupidatat non proident, sunt in culpa qui officia deserunt mollit anim id est laborum.",U,Food & Wine,,1,TRUE,3,TRUE
Pierre Hermé,Pierre Hermé,CHOCOLATS SIGNATURES ET CLASSIQUES - 60G,12,http://www.pierreherme.com/media/catalog/product/cache/1/image/350x/9df78eab33525d08d6e5fb8d27136e95/b/b/bbc_t0_1200x1200.jpg,"Lorem ipsum dolor sit amet, consectetur adipiscing elit, sed do eiusmod tempor incididunt ut labore et dolore magna aliqua. Ut enim ad minim veniam, quis nostrud exercitation ullamco laboris nisi ut aliquip ex ea commodo consequat. Duis aute irure dolor in reprehenderit in voluptate velit esse cillum dolore eu fugiat nulla pariatur.","Excepteur sint occaecat cupidatat non proident, sunt in culpa qui officia deserunt mollit anim id est laborum.",U,Food & Wine,,4,TRUE,8,TRUE
Pierre Hermé,Pierre Hermé,CHOCOLATS SIGNATURES ET CLASSIQUES - 120G,21,http://www.pierreherme.com/media/catalog/product/cache/1/image/350x/9df78eab33525d08d6e5fb8d27136e95/b/b/bbc_t1_1200x1200.jpg,"Lorem ipsum dolor sit amet, consectetur adipiscing elit, sed do eiusmod tempor incididunt ut labore et dolore magna aliqua. Ut enim ad minim veniam, quis nostrud exercitation ullamco laboris nisi ut aliquip ex ea commodo consequat. Duis aute irure dolor in reprehenderit in voluptate velit esse cillum dolore eu fugiat nulla pariatur.","Excepteur sint occaecat cupidatat non proident, sunt in culpa qui officia deserunt mollit anim id est laborum.",U,Food & Wine,,3,TRUE,1,TRUE
Pierre Hermé,Pierre Hermé,CHOCOLATS SIGNATURES ET CLASSIQUES - 210G,32,http://www.pierreherme.com/media/catalog/product/cache/1/image/350x/9df78eab33525d08d6e5fb8d27136e95/b/b/bbc_t2_1200x1200.jpg,"Lorem ipsum dolor sit amet, consectetur adipiscing elit, sed do eiusmod tempor incididunt ut labore et dolore magna aliqua. Ut enim ad minim veniam, quis nostrud exercitation ullamco laboris nisi ut aliquip ex ea commodo consequat. Duis aute irure dolor in reprehenderit in voluptate velit esse cillum dolore eu fugiat nulla pariatur.","Excepteur sint occaecat cupidatat non proident, sunt in culpa qui officia deserunt mollit anim id est laborum.",U,Food & Wine,,1,TRUE,8,TRUE
Pierre Hermé,Pierre Hermé,CHOCOLATS SIGNATURES ET CLASSIQUES - 350G,50,http://www.pierreherme.com/media/catalog/product/cache/1/image/350x/9df78eab33525d08d6e5fb8d27136e95/b/b/bbc_t3_1200x1200.jpg,"Lorem ipsum dolor sit amet, consectetur adipiscing elit, sed do eiusmod tempor incididunt ut labore et dolore magna aliqua. Ut enim ad minim veniam, quis nostrud exercitation ullamco laboris nisi ut aliquip ex ea commodo consequat. Duis aute irure dolor in reprehenderit in voluptate velit esse cillum dolore eu fugiat nulla pariatur.","Excepteur sint occaecat cupidatat non proident, sunt in culpa qui officia deserunt mollit anim id est laborum.",U,Food & Wine,,1,TRUE,9,TRUE
Pierre Hermé,Pierre Hermé,CHOCOLATS SIGNATURES ET CLASSIQUES - 500G,62,http://www.pierreherme.com/media/catalog/product/cache/1/image/350x/9df78eab33525d08d6e5fb8d27136e95/b/b/bbc_t4_1200x1200.jpg,"Lorem ipsum dolor sit amet, consectetur adipiscing elit, sed do eiusmod tempor incididunt ut labore et dolore magna aliqua. Ut enim ad minim veniam, quis nostrud exercitation ullamco laboris nisi ut aliquip ex ea commodo consequat. Duis aute irure dolor in reprehenderit in voluptate velit esse cillum dolore eu fugiat nulla pariatur.","Excepteur sint occaecat cupidatat non proident, sunt in culpa qui officia deserunt mollit anim id est laborum.",U,Food & Wine,,3,TRUE,6,TRUE
La Beer Frabrique,La Beer Frabrique,Atelier Maitre Brasseur 4h - 2 personnes,160,https://www.labeerfabrique.com/wp-content/uploads/2016/11/atelier-e1473530494245.jpg,"Lorem ipsum dolor sit amet, consectetur adipiscing elit, sed do eiusmod tempor incididunt ut labore et dolore magna aliqua. Ut enim ad minim veniam, quis nostrud exercitation ullamco laboris nisi ut aliquip ex ea commodo consequat. Duis aute irure dolor in reprehenderit in voluptate velit esse cillum dolore eu fugiat nulla pariatur.","Excepteur sint occaecat cupidatat non proident, sunt in culpa qui officia deserunt mollit anim id est laborum.",M,Food & Wine,,5,TRUE,10,TRUE
La Beer Frabrique,La Beer Frabrique,Atelier Biere Sur mesure 5h - 2 personnes,200,https://www.labeerfabrique.com/wp-content/uploads/2016/11/atelier-e1473530494245.jpg,"Lorem ipsum dolor sit amet, consectetur adipiscing elit, sed do eiusmod tempor incididunt ut labore et dolore magna aliqua. Ut enim ad minim veniam, quis nostrud exercitation ullamco laboris nisi ut aliquip ex ea commodo consequat. Duis aute irure dolor in reprehenderit in voluptate velit esse cillum dolore eu fugiat nulla pariatur.","Excepteur sint occaecat cupidatat non proident, sunt in culpa qui officia deserunt mollit anim id est laborum.",M,Food & Wine,,3,TRUE,8,TRUE
La Beer Frabrique,La Beer Frabrique,Atelir Brassage et dégustation 2h - 1 personne,50,https://www.labeerfabrique.com/wp-content/uploads/2016/11/atelier-e1473530494245.jpg,"Lorem ipsum dolor sit amet, consectetur adipiscing elit, sed do eiusmod tempor incididunt ut labore et dolore magna aliqua. Ut enim ad minim veniam, quis nostrud exercitation ullamco laboris nisi ut aliquip ex ea commodo consequat. Duis aute irure dolor in reprehenderit in voluptate velit esse cillum dolore eu fugiat nulla pariatur.","Excepteur sint occaecat cupidatat non proident, sunt in culpa qui officia deserunt mollit anim id est laborum.",M,Food & Wine,,2,TRUE,8,TRUE
Nature et Découverte,Nature et Découverte,"CHARGEUR GALET 12000 MAH NOIR
",50,http://cache.natureetdecouvertes.com.s0.frz.io/Medias/Images/Articles/53144990/650?frz-v90,"Lorem ipsum dolor sit amet, consectetur adipiscing elit, sed do eiusmod tempor incididunt ut labore et dolore magna aliqua. Ut enim ad minim veniam, quis nostrud exercitation ullamco laboris nisi ut aliquip ex ea commodo consequat. Duis aute irure dolor in reprehenderit in voluptate velit esse cillum dolore eu fugiat nulla pariatur.","Excepteur sint occaecat cupidatat non proident, sunt in culpa qui officia deserunt mollit anim id est laborum.",U,Tech,Travel,3,TRUE,7,TRUE
Parole de Formagers,Parole de Formagers,Atelier Découverte 1h30,70,https://www.parolesdefromagers.com/wp-content/uploads/2015/09/IMG_6890-e1441979050963.jpg,"Lorem ipsum dolor sit amet, consectetur adipiscing elit, sed do eiusmod tempor incididunt ut labore et dolore magna aliqua. Ut enim ad minim veniam, quis nostrud exercitation ullamco laboris nisi ut aliquip ex ea commodo consequat. Duis aute irure dolor in reprehenderit in voluptate velit esse cillum dolore eu fugiat nulla pariatur.","Excepteur sint occaecat cupidatat non proident, sunt in culpa qui officia deserunt mollit anim id est laborum.",U,Food & Wine,,5,TRUE,2,TRUE
Parole de Formagers,Parole de Formagers,Atelier Amateur 2h15,95,https://www.parolesdefromagers.com/wp-content/uploads/2015/09/IMG_6890-e1441979050963.jpg,"Lorem ipsum dolor sit amet, consectetur adipiscing elit, sed do eiusmod tempor incididunt ut labore et dolore magna aliqua. Ut enim ad minim veniam, quis nostrud exercitation ullamco laboris nisi ut aliquip ex ea commodo consequat. Duis aute irure dolor in reprehenderit in voluptate velit esse cillum dolore eu fugiat nulla pariatur.","Excepteur sint occaecat cupidatat non proident, sunt in culpa qui officia deserunt mollit anim id est laborum.",U,Food & Wine,,2,TRUE,8,TRUE
Parole de Formagers,Parole de Formagers,Atelier Le passioné 3h00,120,https://www.parolesdefromagers.com/wp-content/uploads/2015/09/IMG_6890-e1441979050963.jpg,"Lorem ipsum dolor sit amet, consectetur adipiscing elit, sed do eiusmod tempor incididunt ut labore et dolore magna aliqua. Ut enim ad minim veniam, quis nostrud exercitation ullamco laboris nisi ut aliquip ex ea commodo consequat. Duis aute irure dolor in reprehenderit in voluptate velit esse cillum dolore eu fugiat nulla pariatur.","Excepteur sint occaecat cupidatat non proident, sunt in culpa qui officia deserunt mollit anim id est laborum.",U,Food & Wine,,5,TRUE,6,TRUE
Belleville Bruelerie Paris,Belleville Bruelerie Paris,"""Cupping"" Dégustation de Café",30,https://cdn.shopify.com/s/files/1/0281/0794/products/Brulerie-Belleville-Degustation-Cupping_1024x1024.jpg?v=1429779050,"Lorem ipsum dolor sit amet, consectetur adipiscing elit, sed do eiusmod tempor incididunt ut labore et dolore magna aliqua. Ut enim ad minim veniam, quis nostrud exercitation ullamco laboris nisi ut aliquip ex ea commodo consequat. Duis aute irure dolor in reprehenderit in voluptate velit esse cillum dolore eu fugiat nulla pariatur.","Excepteur sint occaecat cupidatat non proident, sunt in culpa qui officia deserunt mollit anim id est laborum.",U,Food & Wine,,4,TRUE,1,TRUE
La café Caron,La café Caron,Atelier Café Découverte 1h30,50,http://laboutiquecaron.com/417-770-large/atelier-cafe-decouverte-20-mars-18h-19h30.jpg,"Lorem ipsum dolor sit amet, consectetur adipiscing elit, sed do eiusmod tempor incididunt ut labore et dolore magna aliqua. Ut enim ad minim veniam, quis nostrud exercitation ullamco laboris nisi ut aliquip ex ea commodo consequat. Duis aute irure dolor in reprehenderit in voluptate velit esse cillum dolore eu fugiat nulla pariatur.","Excepteur sint occaecat cupidatat non proident, sunt in culpa qui officia deserunt mollit anim id est laborum.",U,Food & Wine,,3,TRUE,7,TRUE